ID,Title,Author,Year,Format,File
1,Empat Langkah Pengampunan Sebuah cara yang ampuh untuk mencapai kebebasan kebahagiaan dan kesuksesan,William Fergus Martin,2014,PDF,ebook/4 langkah pengampunan.pdf
2,Bahagia kenapa tidak?,Reza A.A Wattimena,2015,PDF,ebook/Bahagia kenapa tidak.pdf
3,Beyond the bookshelf virtual reality,Dr.Tengku Siti Meriam,2025,PDF,ebook/Beyond the bookshelf virtual reality.pdf
4,Konspirasi alam semesta,Fiersa Bersari,2017,PDF,ebook/Konspirasi alam semesta-fiersa besari.pdf
5,Menjadi guru sekolah minggu yang efektif,Ayub Yahya,2011,PDF,ebook/Menjadi guru sekolah minggu.pdf
6,Ringkasan Materi,Novena Serafika br Tarigan,127,PDF,ebook/Ringkasan materi Beyond the Bookshelf-Novena (127).pdf
7,Bulan,Tere Liye,2015,PDF,ebook/Tere Liye-Bulan.pdf
8,Matahari,Tere Liye,2016,PDF,ebook/Tere Liye-Matahari.pdf
9,Tentang Kamu,Tere Liye,2016,PDF,ebook/Tere liye - tentang kamu.pdf
10,The falling leaf never hates the wind,Tere Liye,2015,PDF,ebook/Tere liye-the falling leaf never hates the.pdf
11,Yang Fana Adalah Waktu,Sapardi Djoko Damono,2018,PDF,ebook/Yang fana adalah waktu.pdf
